Workbook
Name Commerciaux_2024: 'Validation des données'!$H$27:$H$31
Name Commerciaux_2025: 'Validation des données'!$I$27:$I$31
Name Segment_Produit: #N/A
Name Segment_Région: #N/A

Sheet Références
A1: Table de Multiplication
A2: X | B2: 1 | C2: 2 | D2: 3 | E2: 4 | F2: 5 | G2: 6 | H2: 7 | I2: 8 | J2: 9 | K2: 10
A3: 5 | B3: =$A3*B$2 -> 5 | C3: =$A3*C$2 -> 10 | D3: =$A3*D$2 -> 15 | E3: =$A3*E$2 -> 20 | F3: =$A3*F$2 -> 25 | G3: =$A3*G$2 -> 30 | H3: =$A3*H$2 -> 35 | I3: =$A3*I$2 -> 40 | ... K3: =$A3*K$2 -> 50
A4: 2 | B4: =$A4*B$2 -> 2 | C4: =$A4*C$2 -> 4 | D4: =$A4*D$2 -> 6 | E4: =$A4*E$2 -> 8 | F4: =$A4*F$2 -> 10 | G4: =$A4*G$2 -> 12 | H4: =$A4*H$2 -> 14 | I4: =$A4*I$2 -> 16 | ... K4: =$A4*K$2 -> 20
A5: 3 | B5: =$A5*B$2 -> 3 | C5: =$A5*C$2 -> 6 | D5: =$A5*D$2 -> 9 | E5: =$A5*E$2 -> 12 | F5: =$A5*F$2 -> 15 | G5: =$A5*G$2 -> 18 | H5: =$A5*H$2 -> 21 | I5: =$A5*I$2 -> 24 | ... K5: =$A5*K$2 -> 30
A6: 4 | B6: =$A6*B$2 -> 4 | C6: =$A6*C$2 -> 8 | D6: =$A6*D$2 -> 12 | E6: =$A6*E$2 -> 16 | F6: =$A6*F$2 -> 20 | G6: =$A6*G$2 -> 24 | H6: =$A6*H$2 -> 28 | I6: =$A6*I$2 -> 32 | ... K6: =$A6*K$2 -> 40
A7: 5 | B7: =$A7*B$2 -> 5 | C7: =$A7*C$2 -> 10 | D7: =$A7*D$2 -> 15 | E7: =$A7*E$2 -> 20 | F7: =$A7*F$2 -> 25 | G7: =$A7*G$2 -> 30 | H7: =$A7*H$2 -> 35 | I7: =$A7*I$2 -> 40 | ... K7: =$A7*K$2 -> 50
A8: 6 | B8: =$A8*B$2 -> 6 | C8: =$A8*C$2 -> 12 | D8: =$A8*D$2 -> 18 | E8: =$A8*E$2 -> 24 | F8: =$A8*F$2 -> 30 | G8: =$A8*G$2 -> 36 | H8: =$A8*H$2 -> 42 | I8: =$A8*I$2 -> 48 | ... K8: =$A8*K$2 -> 60
A9: 7 | B9: =$A9*B$2 -> 7 | C9: =$A9*C$2 -> 14 | D9: =$A9*D$2 -> 21 | E9: =$A9*E$2 -> 28 | F9: =$A9*F$2 -> 35 | G9: =$A9*G$2 -> 42 | H9: =$A9*H$2 -> 49 | I9: =$A9*I$2 -> 56 | ... K9: =$A9*K$2 -> 70
A10: 8 | B10: =$A10*B$2 -> 8 | C10: =$A10*C$2 -> 16 | D10: =$A10*D$2 -> 24 | E10: =$A10*E$2 -> 32 | F10: =$A10*F$2 -> 40 | G10: =$A10*G$2 -> 48 | H10: =$A10*H$2 -> 56 | I10: =$A10*I$2 -> 64 | ... K10: =$A10*K$2 -> 80
A11: 9 | B11: =$A11*B$2 -> 9 | C11: =$A11*C$2 -> 18 | D11: =$A11*D$2 -> 27 | E11: =$A11*E$2 -> 36 | F11: =$A11*F$2 -> 45 | G11: =$A11*G$2 -> 54 | H11: =$A11*H$2 -> 63 | I11: =$A11*I$2 -> 72 | ... K11: =$A11*K$2 -> 90
A12: 10 | B12: =$A12*B$2 -> 10 | C12: =$A12*C$2 -> 20 | D12: =$A12*D$2 -> 30 | E12: =$A12*E$2 -> 40 | F12: =$A12*F$2 -> 50 | G12: =$A12*G$2 -> 60 | H12: =$A12*H$2 -> 70 | I12: =$A12*I$2 -> 80 | ... K12: =$A12*K$2 -> 100

Sheet SI ET
A1: Produit | B1: Quantité | C1: Prix Unitaire | D1: Région | E1: Statut Vente | F1: Bonus Commercial
A2: Ecran | B2: 200 | C2: 800 | D2: Verviers | E2: =IF(AND(B2>50, C2>100), "Vente Importante", IF(B2>20, "Vente Moyenne", "Petite Vente")) -> Vente Importante | F2: =IF(AND(D2="Liège", E2="Vente Importante"), 500, IF(E2="Vente Importante", 300, 0)) -> 300
A3: Clavier | B3: 30 | C3: 50 | D3: Verviers | E3: =IF(AND(B3>50, C3>100), "Vente Importante", IF(B3>20, "Vente Moyenne", "Petite Vente")) -> Vente Moyenne | F3: =IF(AND(D3="Liège", E3="Vente Importante"), 500, IF(E3="Vente Importante", 300, 0)) -> 0
A4: Souris | B4: 15 | C4: 40 | D4: Liège | E4: =IF(AND(B4>50, C4>100), "Vente Importante", IF(B4>20, "Vente Moyenne", "Petite Vente")) -> Petite Vente | F4: =IF(AND(D4="Liège", E4="Vente Importante"), 500, IF(E4="Vente Importante", 300, 0)) -> 0
A5: Ordinateur | B5: 200 | C5: 1200 | D5: Liège | E5: =IF(AND(B5>50, C5>100), "Vente Importante", IF(B5>20, "Vente Moyenne", "Petite Vente")) -> Vente Importante | F5: =IF(AND(D5="Liège", E5="Vente Importante"), 500, IF(E5="Vente Importante", 300, 0)) -> 500

Sheet Produits
A1: Code Produit | B1: Nom Produit | C1: Stock Disponible | D1: Prix | E1: Valeur du stock | F1: Total valeur stock | G1: =SUM(E2:E100) -> 25360
A2: CP001 | B2: Ecran | C2: 50 | D2: =VLOOKUP(A2, Prix!$A$2:$B$98, 2, FALSE) -> 100 | E2: =PRODUCT(D2,C2) -> 5000
A3: CP002 | B3: Cable | C3: 100 | D3: =VLOOKUP(A3, Prix!$A$2:$B$98, 2, FALSE) -> 1 | E3: =PRODUCT(D3,C3) -> 100
A4: CP003 | B4: Clavier | C4: 20 | D4: =VLOOKUP(A4, Prix!$A$2:$B$98, 2, FALSE) -> 5 | E4: =PRODUCT(D4,C4) -> 100
A5: CP004 | B5: Souris | C5: 10 | D5: =VLOOKUP(A5, Prix!$A$2:$B$98, 2, FALSE) -> 5 | E5: =PRODUCT(D5,C5) -> 50
A6: CP005 | B6: Ordinateur | C6: 40 | D6: =VLOOKUP(A6, Prix!$A$2:$B$98, 2, FALSE) -> 500 | E6: =PRODUCT(D6,C6) -> 20000
A7: CP006 | B7: Casque | C7: 5 | D7: =VLOOKUP(A7, Prix!$A$2:$B$98, 2, FALSE) -> 20 | E7: =PRODUCT(D7,C7) -> 100
A8: CP007 | B8: Micro | C8: 1 | D8: =VLOOKUP(A8, Prix!$A$2:$B$98, 2, FALSE) -> 10 | E8: =PRODUCT(D8,C8) -> 10

Sheet Prix
A1: Code Produit | B1: Prix | C1: Produits | D1: Stock
A2: CP001 | B2: 100 | C2: =INDEX(Produits!$B$2:$B$100, MATCH(A2, Produits!$A$2:$A$100, 0)) -> Ecran | D2: =INDEX(Produits!$C$2:$C$100, MATCH(A2, Produits!$A$2:$A$100, 0)) -> 50
A3: CP002 | B3: 1 | C3: =INDEX(Produits!$B$2:$B$100, MATCH(A3, Produits!$A$2:$A$100, 0)) -> Cable | D3: =INDEX(Produits!$C$2:$C$100, MATCH(A3, Produits!$A$2:$A$100, 0)) -> 100
A4: CP003 | B4: 5 | C4: =INDEX(Produits!$B$2:$B$100, MATCH(A4, Produits!$A$2:$A$100, 0)) -> Clavier | D4: =INDEX(Produits!$C$2:$C$100, MATCH(A4, Produits!$A$2:$A$100, 0)) -> 20
A5: CP004 | B5: 5 | C5: =INDEX(Produits!$B$2:$B$100, MATCH(A5, Produits!$A$2:$A$100, 0)) -> Souris | D5: =INDEX(Produits!$C$2:$C$100, MATCH(A5, Produits!$A$2:$A$100, 0)) -> 10
A6: CP005 | B6: 500 | C6: =INDEX(Produits!$B$2:$B$100, MATCH(A6, Produits!$A$2:$A$100, 0)) -> Ordinateur | D6: =INDEX(Produits!$C$2:$C$100, MATCH(A6, Produits!$A$2:$A$100, 0)) -> 40
A7: CP006 | B7: 20 | C7: =INDEX(Produits!$B$2:$B$100, MATCH(A7, Produits!$A$2:$A$100, 0)) -> Casque | D7: =INDEX(Produits!$C$2:$C$100, MATCH(A7, Produits!$A$2:$A$100, 0)) -> 5
A8: CP007 | B8: 10 | C8: =INDEX(Produits!$B$2:$B$100, MATCH(A8, Produits!$A$2:$A$100, 0)) -> Micro | D8: =INDEX(Produits!$C$2:$C$100, MATCH(A8, Produits!$A$2:$A$100, 0)) -> 1
A9: CP007 | C9: =INDEX(Produits!$B$2:$B$100, MATCH(A9, Produits!$A$2:$A$100, 0)) -> Micro | D9: =INDEX(Produits!$C$2:$C$100, MATCH(A9, Produits!$A$2:$A$100, 0)) -> 1
A10: CP006 | C10: =INDEX(Produits!$B$2:$B$100, MATCH(A10, Produits!$A$2:$A$100, 0)) -> Casque | D10: =INDEX(Produits!$C$2:$C$100, MATCH(A10, Produits!$A$2:$A$100, 0)) -> 5
A11: CP005 | C11: =INDEX(Produits!$B$2:$B$100, MATCH(A11, Produits!$A$2:$A$100, 0)) -> Ordinateur | D11: =INDEX(Produits!$C$2:$C$100, MATCH(A11, Produits!$A$2:$A$100, 0)) -> 40
A12: CP004 | C12: =INDEX(Produits!$B$2:$B$100, MATCH(A12, Produits!$A$2:$A$100, 0)) -> Souris | D12: =INDEX(Produits!$C$2:$C$100, MATCH(A12, Produits!$A$2:$A$100, 0)) -> 10
A13: CP003 | C13: =INDEX(Produits!$B$2:$B$100, MATCH(A13, Produits!$A$2:$A$100, 0)) -> Clavier | D13: =INDEX(Produits!$C$2:$C$100, MATCH(A13, Produits!$A$2:$A$100, 0)) -> 20
A14: CP002 | C14: =INDEX(Produits!$B$2:$B$100, MATCH(A14, Produits!$A$2:$A$100, 0)) -> Cable | D14: =INDEX(Produits!$C$2:$C$100, MATCH(A14, Produits!$A$2:$A$100, 0)) -> 100
A15: CP001 | C15: =INDEX(Produits!$B$2:$B$100, MATCH(A15, Produits!$A$2:$A$100, 0)) -> Ecran | D15: =INDEX(Produits!$C$2:$C$100, MATCH(A15, Produits!$A$2:$A$100, 0)) -> 50

Sheet Tri et Filtres
A1: Je cherche un hotel 5 étoiles à Bruxelles avec moins de 200 chambres
A2: Numéro | B2: Nombre d'étoiles | C2: NOM | D2: Adresse | E2: C.P. | F2: Localité | G2: Nombre de chambres
A3: 1 | B3: 5 | C3: CHÂTEAU DU LAC | D3: avenue du Lac 87 | E3: 1332 | F3: Genval | G3: 121
A4: 2 | B4: 4 | C4: NOVOTEL WAVRE | D4: rue De La Wastinne 45 | E4: 1300 | F4: Wavre | G4: 102
A5: 3 | B5: 4 | C5: CHÂTEAU DE LIMELETTE | D5: rue Charles Dubois 87 | E5: 1342 | F5: Limelette | G5: 78
A6: 4 | B6: 4 | C6: GRAND HOTEL DE WATERLOO | D6: chée De Tervuren 198 | E6: 1410 | F6: Waterloo | G6: 79
A7: 5 | B7: 4 | C7: CASTEAU RESORT HOTEL (Soignies) | D7: chée De Bruxelles 38 | E7: 7061 | F7: Casteau | G7: 75
A8: 6 | B8: 4 | C8: DORINT HOTEL SPA BALMORAL | D8: route De Balmoral 33 | E8: 4900 | F8: Spa | G8: 98
A9: 7 | B9: 4 | C9: POST HOTEL | D9: rue Hurbise 160 | E9: 4040 | F9: Herstal | G9: 96
A10: 8 | B10: 4 | C10: BEDFORD | D10: Quai Saint Léonard 36 | E10: 4000 | F10: Liège | G10: 149
A11: 9 | B11: 4 | C11: HOLIDAY INN PALAIS DES CONGRAIS | D11: Esplanade De l'Europe 2 | E11: 4020 | F11: Liège | G11: 219
A12: 10 | B12: 4 | C12: DOMAINE DES HAUTES FAGNES | D12: rue Des Charmilles 67 | E12: 4950 | F12: Waimes | G12: 70
A13: 11 | B13: 4 | C13: HOTEL MECURE LIEGE CENTRE | D13: bld De La Sauvenière 1000 | E13: 4000 | F13: Liège | G13: 105
A14: 12 | B14: 4 | C14: ARLUX | D14: rue De Lorraine 54 | E14: 6700 | F14: Arlon | G14: 78
... A118: 116 | B118: 3 | C118: HOTEL MERCURE ALFA | D118: 16 place de la Gare | E118: 1020 | F118: Luxembourg | G118: 152

Sheet Validation des données
A1: Régions | B1: Types de produits | C1: Commerciaux | D1: Quantité | E1: Prix | F1: Date de vente
A2: Liège | B2: Clavier | C2: Guillaume | D2: ='Validation des données'!E2 -> 12 | E2: 12
A3: Namur | B3: Cable | C3: Kévin | D3: 712 | E3: 12
A4: Verviers | B4: Casque | C4: Pierre | D4: 358 | E4: 12
A5: Bruxelles | B5: Ecran | C5: Sabrina | D5: 25 | E5: 12
A6: Verviers | B6: Micro | C6: Charles | D6: 800 | E6: 12
A7: Liège | B7: Souris | C7: Sonia | D7: 999 | E7: 12
A8: Namur | B8: Ordinateur | C8: Guy | D8: 420 | E8: 12
A9: Bruxelles | B9: Casque | C9: Cédric | D9: 768 | E9: 12
A10: Liège | B10: Ecran | C10: Romain | D10: 60 | E10: 12
A12: Liste en ; | B12: Liste from feuille
H27: Guillaume | I27: Romain
H28: Pierre | I28: Charles
H29: Kévin | I29: Guy
H30: Pascale | I30: Sonia
H31: Sabrina | I31: Cédric

Sheet TCD
A1: Date | B1: Région | C1: Produit | D1: Quantité | E1: Montant
A2: 45303 | B2: Liège | C2: Clavier | D2: 10 | E2: 5
A3: 45334 | B3: Namur | C3: Souris | D3: 20 | E3: 10
A4: 45363 | B4: Bruxelles | C4: Ecran | D4: 30 | E4: 15
A5: 45394 | B5: Anvers | C5: Ordinateur | D5: 40 | E5: 20
A6: 45424 | B6: Verviers | C6: Cables | D6: 50 | E6: 25
A7: 45455 | B7: Herstal | C7: Casque | D7: 60 | E7: 30
A8: 45485 | B8: Liège | C8: Micro | D8: 70 | E8: 35
A9: 45516 | B9: Namur | C9: Casque | D9: 80 | E9: 40
A10: 45547 | B10: Bruxelles | C10: Micro | D10: 90 | E10: 45
H11: Somme de Montant | I11: Étiquettes de colonnes | U11: Étiquettes de lignes | V11: Somme de Montant
H12: Étiquettes de lignes | I12: janv | J12: févr | K12: mars | L12: avr | M12: mai | N12: juin | O12: juil | P12: août | Q12: sept | R12: Total général | U12: Cables | V12: 0.11111111
H13: Anvers | L13: 20 | R13: 20 | U13: Casque | V13: 0.31111111
H14: Bruxelles | K14: 15 | Q14: 45 | R14: 60 | U14: Clavier | V14: 0.022222222
H15: Herstal | N15: 30 | R15: 30 | U15: Ecran | V15: 0.066666667
H16: Liège | I16: 5 | O16: 35 | R16: 40 | U16: Micro | V16: 0.35555556
H17: Namur | J17: 10 | P17: 40 | R17: 50 | U17: Ordinateur | V17: 0.088888889
H18: Verviers | M18: 25 | R18: 25 | U18: Souris | V18: 0.044444444
H19: Total général | I19: 5 | J19: 10 | K19: 15 | L19: 20 | M19: 25 | N19: 30 | O19: 35 | P19: 40 | Q19: 45 | R19: 225 | U19: Total général | V19: 1

Sheet Mise en forme condi
A1: Numéro | B1: Nombre d'étoiles | C1: NOM | D1: Adresse | E1: C.P. | F1: Localité | G1: Nombre de chambres
A2: 1 | B2: 5 | C2: CHÂTEAU DU LAC | D2: avenue du Lac 87 | E2: 1332 | F2: Genval | G2: 121
A3: 2 | B3: 4 | C3: NOVOTEL WAVRE | D3: rue De La Wastinne 45 | E3: 1300 | F3: Wavre | G3: 102
A4: 3 | B4: 4 | C4: CHÂTEAU DE LIMELETTE | D4: rue Charles Dubois 87 | E4: 1342 | F4: Limelette | G4: 78
A5: 4 | B5: 4 | C5: GRAND HOTEL DE WATERLOO | D5: chée De Tervuren 198 | E5: 1410 | F5: Waterloo | G5: 79
A6: 5 | B6: 4 | C6: CASTEAU RESORT HOTEL (Soignies) | D6: chée De Bruxelles 38 | E6: 7061 | F6: Casteau | G6: 75
A7: 6 | B7: 4 | C7: DORINT HOTEL SPA BALMORAL | D7: route De Balmoral 33 | E7: 4900 | F7: Spa | G7: 98
A8: 7 | B8: 4 | C8: POST HOTEL | D8: rue Hurbise 160 | E8: 4040 | F8: Herstal | G8: 96
A9: 8 | B9: 4 | C9: BEDFORD | D9: Quai Saint Léonard 36 | E9: 4000 | F9: Liège | G9: 149
A10: 9 | B10: 4 | C10: HOLIDAY INN PALAIS DES CONGRAIS | D10: Esplanade De l'Europe 2 | E10: 4020 | F10: Liège | G10: 219
A11: 10 | B11: 4 | C11: DOMAINE DES HAUTES FAGNES | D11: rue Des Charmilles 67 | E11: 4950 | F11: Waimes | G11: 70
A12: 11 | B12: 4 | C12: HOTEL MECURE LIEGE CENTRE | D12: bld De La Sauvenière 1000 | E12: 4000 | F12: Liège | G12: 105
A13: 12 | B13: 4 | C13: ARLUX | D13: rue De Lorraine 54 | E13: 6700 | F13: Arlon | G13: 78
... A117: 116 | B117: 3 | C117: HOTEL MERCURE ALFA | D117: 16 place de la Gare | E117: 1020 | F117: Luxembourg | G117: 152
