Workbook

Sheet Exercice1
A1: Suivi des Ventes
A3: Date | B3: Produit | C3: Quantité | D3: Prix unitaire

Sheet Exercice2
A1: Rapport des Ventes 2024
A3: Date | B3: Produit | C3: Quantité | D3: Prix unitaire | E3: Total
A4: 45306 | B4: Ordinateur | C4: 5 | D4: 999.99
A5: 45306 | B5: Souris | C5: 12 | D5: 25.99
A6: 45307 | B6: Clavier | C6: 8 | D6: 45.5
A7: 45307 | B7: Ecran | C7: 3 | D7: 259.99

Sheet Exercice3
A1: Rapport des Ventes 2024
G2: AutoFill
A3: Date | B3: Produit | C3: Quantité | D3: Prix unitaire | E3: Total | G3: Jours | H3: Mois | I3: Années | J3: Jours ouvrés | L3: Serie | N3: Serie
A4: 45306 | B4: Ordinateur | C4: 5 | D4: 999.99 | E4: =C4*D4 -> 4999.95 | G4: 45306 | H4: 45306 | I4: 45306 | J4: 45306 | L4: Janvier | N4: 0
A5: 45306 | B5: Souris | C5: 12 | D5: 25.99 | E5: =C5*D5 -> 311.88 | G5: 45307 | H5: 45337 | I5: 45672 | J5: 45307 | L5: Février | N5: 5
A6: 45307 | B6: Clavier | C6: 8 | D6: 45.5 | E6: =C6*D6 -> 364 | G6: 45308 | H6: 45366 | I6: 46037 | J6: 45308 | L6: Mars | N6: 10
A7: 45307 | B7: Ecran | C7: 3 | D7: 259.99 | E7: =C7*D7 -> 779.97 | G7: 45309 | H7: 45397 | I7: 46402 | J7: 45309 | L7: Avril | N7: 15
A8: TOTAUX | C8: =SUM(C4:C7) -> 28 | D8: =SUM(D4:D7) -> 1331.47 | E8: =SUM(E4:E7) -> 6455.8 | J8: 45310 | L8: Mai | N8: 20
J9: 45313 | L9: Juin | N9: 25
A10: Prix moyen | D10: =AVERAGE(D4:D7) -> 332.8675 | J10: 45314 | L10: Juillet | N10: 30
A11: Prix minimum | D11: =MIN(D4:D7) -> 25.99 | J11: 45315 | L11: Août | N11: 35
A12: Prix maximum | D12: =MAX(D4:D7) -> 999.99 | J12: 45316 | N12: 40
J13: 45317
J14: 45320

Sheet T1_2024
A1: Rapport des Ventes 2024
A3: Date | B3: Produit | C3: Quantité | D3: Prix unitaire | E3: Total
A4: 45306 | B4: Ordinateur | C4: 5 | D4: 999.99 | E4: =C4*D4 -> 4999.95
A5: 45306 | B5: Souris | C5: 12 | D5: 25.99 | E5: =C5*D5 -> 311.88
A6: 45307 | B6: Clavier | C6: 8 | D6: 45.5 | E6: =C6*D6 -> 364
A7: 45307 | B7: Ecran | C7: 3 | D7: 259.99 | E7: =C7*D7 -> 779.97
A8: TOTAUX | C8: =SUM(C4:C7) -> 28 | D8: =SUM(D4:D7) -> 1331.47 | E8: =SUM(E4:E7) -> 6455.8
A10: Prix moyen | D10: =AVERAGE(D4:D7) -> 332.8675
A11: Prix minimum | D11: =MIN(D4:D7) -> 25.99
A12: Prix maximum | D12: =MAX(D4:D7) -> 999.99

Sheet T2_2024
A1: Rapport des Ventes 2024
A3: Date | B3: Produit | C3: Quantité | D3: Prix unitaire | E3: Total
A4: 45397 | B4: Ordinateur | C4: 4 | D4: 999.99 | E4: =C4*D4 -> 3999.96
A5: 45397 | B5: Souris | C5: 8 | D5: 25.99 | E5: =C5*D5 -> 207.92
A6: 45398 | B6: Clavier | C6: 4 | D6: 45.5 | E6: =C6*D6 -> 182
A7: 45398 | B7: Ecran | C7: 6 | D7: 259.99 | E7: =C7*D7 -> 1559.94
A8: TOTAUX | C8: =SUM(C4:C7) -> 22 | D8: =SUM(D4:D7) -> 1331.47 | E8: =SUM(E4:E7) -> 5949.82
A10: Prix moyen | D10: =AVERAGE(D4:D7) -> 332.8675
A11: Prix minimum | D11: =MIN(D4:D7) -> 25.99
A12: Prix maximum | D12: =MAX(D4:D7) -> 999.99

Sheet T3_2024
A1: Rapport des Ventes 2024
A3: Date | B3: Produit | C3: Quantité | D3: Prix unitaire | E3: Total
A4: 45488 | B4: Ordinateur | C4: 8 | D4: 999.99 | E4: =C4*D4 -> 7999.92
A5: 45488 | B5: Souris | C5: 20 | D5: 25.99 | E5: =C5*D5 -> 519.8
A6: 45489 | B6: Clavier | C6: 10 | D6: 45.5 | E6: =C6*D6 -> 455
A7: 45489 | B7: Ecran | C7: 7 | D7: 259.99 | E7: =C7*D7 -> 1819.93
A8: TOTAUX | C8: =SUM(C4:C7) -> 45 | D8: =SUM(D4:D7) -> 1331.47 | E8: =SUM(E4:E7) -> 10794.65
A10: Prix moyen | D10: =AVERAGE(D4:D7) -> 332.8675
A11: Prix minimum | D11: =MIN(D4:D7) -> 25.99
A12: Prix maximum | D12: =MAX(D4:D7) -> 999.99

Sheet T4_2024
A1: Rapport des Ventes 2024
A3: Date | B3: Produit | C3: Quantité | D3: Prix unitaire | E3: Total
A4: 45580 | B4: Ordinateur | C4: 2 | D4: 999.99 | E4: =C4*D4 -> 1999.98
A5: 45580 | B5: Souris | C5: 14 | D5: 25.99 | E5: =C5*D5 -> 363.86
A6: 45581 | B6: Clavier | C6: 14 | D6: 45.5 | E6: =C6*D6 -> 637
A7: 45581 | B7: Ecran | C7: 12 | D7: 259.99 | E7: =C7*D7 -> 3119.88
A8: TOTAUX | C8: =SUM(C4:C7) -> 42 | D8: =SUM(D4:D7) -> 1331.47 | E8: =SUM(E4:E7) -> 6120.72
A10: Prix moyen | D10: =AVERAGE(D4:D7) -> 332.8675
A11: Prix minimum | D11: =MIN(D4:D7) -> 25.99
A12: Prix maximum | D12: =MAX(D4:D7) -> 999.99

Sheet BILAN_ANNUEL
A1: BILAN ANNUEL
A3: Trimestre | B3: Nb Ventes | C3: CA Total
A4: T1 | B4: =T1_2024!C8 -> 28 | C4: =T1_2024!E8 -> 6455.8
A5: T2 | B5: =T2_2024!C8 -> 22 | C5: =T2_2024!E8 -> 5949.82
A6: T3 | B6: =T3_2024!C8 -> 45 | C6: =T3_2024!E8 -> 10794.65
A7: T4 | B7: =T4_2024!C8 -> 42 | C7: =T4_2024!E8 -> 6120.72
A8: Total | B8: =SUM(B3:B7) -> 137 | C8: =SUM(C3:C7) -> 29320.99

Sheet Exercice5
A1: BILAN ANNUEL
A3: Trimestre | B3: Nb Ventes | C3: CA Total
A4: T1 | B4: =T1_2024!C8 -> 28 | C4: =T1_2024!E8 -> 6455.8
A5: T2 | B5: =T2_2024!C8 -> 22 | C5: =T2_2024!E8 -> 5949.82
A6: T3 | B6: =T3_2024!C8 -> 45 | C6: =T3_2024!E8 -> 10794.65
A7: T4 | B7: =T4_2024!C8 -> 42 | C7: =T4_2024!E8 -> 6120.72
A8: Total | B8: =SUM(B3:B7) -> 137 | C8: =SUM(C3:C7) -> 29320.99

Sheet Exercice6
A1: BILAN ANNUEL
A3: Trimestre | B3: Nb Ventes | C3: CA Total
A4: T1 | B4: =T1_2024!C8 -> 28 | C4: =T1_2024!E8 -> 6455.8
A5: T2 | B5: =T2_2024!C8 -> 22 | C5: =T2_2024!E8 -> 5949.82
A6: T3 | B6: =T3_2024!C8 -> 45 | C6: =T3_2024!E8 -> 10794.65
A7: T4 | B7: =T4_2024!C8 -> 42 | C7: =T4_2024!E8 -> 6120.72
A8: Total | B8: =SUM(B3:B7) -> 137 | C8: =SUM(C3:C7) -> 29320.99
